Title,Link,Description
,,
"
How to Find Forex Historical Data
",https://www.askmoney.com/investing/how-find-forex-historical-data?utm_content=params%3Ao%3D1465803%26ad%3DdirN%26qo%3DserpIndex,"Interested in the forex currency trade? Learning historical currency value data can be useful, but there’s a lot more to know than just that information alone. This guide can help you get on the right track to smart investment in the foreig..."
,,
"
What Is the Definition of Data Inconsistency?
",https://www.reference.com/world-view/definition-data-inconsistency-5bc80c9fd30c5f1a?utm_content=params%3Ao%3D740005%26ad%3DdirN%26qo%3DserpIndex,"Data inconsistency occurs when similar data is kept in different formats in more than one file. When this happens, it is important to match the data between files. Sometimes, files duplicate some data. When information like names and addres..."
,,
"
What Does AncestryDNA Do With My Data?
",https://www.questionsanswered.net/tech/what-ancestry-dna-data?utm_content=params%3Ao%3D740012%26ad%3DdirN%26qo%3DserpIndex,"What Does AncestryDNA Do With My Data? DNA tests are an increasingly popular way for people to learn about their genealogy and family history, and AncestryDNA is one of the most popular, with over 14 million test kits sold since 2012. These..."
,,
"
How Do Researchers Collect Data?
",https://www.questionsanswered.net/article/how-researchers-collect-data?utm_content=params%3Ao%3D740012%26ad%3DdirN%26qo%3DserpIndex,"There are various ways for researchers to collect data. It is important that this data come from credible sources, as the validity of the research is determined by where it comes from. Keep reading to learn how researchers go about collecti..."
,,
"
The Beginner’s Guide to Data Analysis
",https://www.questionsanswered.net/article/the-beginner%27s-guide-to-data-analysis?utm_content=params%3Ao%3D740012%26ad%3DdirN%26qo%3DserpIndex,"Data analysis seems abstract and complicated, but it delivers answers to real world problems, especially for businesses. By taking qualitative factors, data analysis can help businesses develop action plans, make marketing and sales decisio..."
,,
"
What Is First Data Merchant Services?
",https://www.questionsanswered.net/article/what-is-first-data-merchant-services?utm_content=params%3Ao%3D740012%26ad%3DdirN%26qo%3DserpIndex,"First Data provides services to small businesses, large merchants and international institutions. And when it comes to merchant services, First Data covers all of business’ monetary needs. From POS systems, payment processing solutions to m..."
,,
"
5 Sources of Historial Weather Data
",https://www.questionsanswered.net/article/5-sources-of-historial-weather-data?utm_content=params%3Ao%3D740012%26ad%3DdirN%26qo%3DserpIndex,"Most of the time when you think about the weather, you think about current conditions and forecasts. But if you’re a hardcore weather buff, you may be curious about historical weather data. Maybe you want to know the weather on the day you ..."
,,
"
Implementation of Data Structures | edX
",https://www.edx.org/course/implementation-of-data-structures,"Learn how to write correct and efficient data structures manipulation using existing standard template library (STL) of C++. Get introduced to the power of STL and make your code more solid, reusable, and robust. Learn how to write correct ..."
,,
"
Introduction to Data Structures | edX
",https://www.edx.org/course/c-introduction-to-data-structures,"Learn the advanced programming topics in the C++ programming language, including pointers, dynamic storage, recursion, searching, and sorting. Learn the advanced programming topics in the C++ programming language, including pointers, dynami..."
,,
"
Data Structures Fundamentals | edX
",https://www.edx.org/course/data-structures-fundamentals,Learn about data structures that are used in computational thinking – both basic and advanced. A good algorithm usually comes together with a set of good data structures that allow the algorithm to manipulate the data efficiently. In this c...
,,
"
Objects vs. Data Structures | Hacker Noon
",https://hackernoon.com/objects-vs-data-structures-e380b962c1d2,"Editor In the world of Java development, there are objects and there are Objects. The former is more important. Confused yet? Object-oriented programming (OOP) introduced the world to the concept of objects (little “o”). OOP objects are enc..."
